"Status","Start Time","Stop Time","Duration in ms","Parent Suite","Suite","Sub Suite","Test Class","Test Method","Name","Description"
"passed","Mon Oct 28 17:37:05 GMT 2024","Mon Oct 28 17:37:06 GMT 2024","843","","test_DiscordAPI","","","","test_send_message_and_delete_it_1[1286673475565518878]",""
"passed","Mon Oct 28 17:37:47 GMT 2024","Mon Oct 28 17:37:47 GMT 2024","459","","test_DiscordAPI","","","","test_large_message[1286673475565518878]",""
"passed","Mon Oct 28 17:37:09 GMT 2024","Mon Oct 28 17:37:09 GMT 2024","839","","test_DiscordAPI","","","","test_send_message_and_delete_it_1[1286673548005343252]",""
"passed","Mon Oct 28 17:37:34 GMT 2024","Mon Oct 28 17:37:37 GMT 2024","3074","","test_DiscordAPI","","","","test_negative_flow[1286673475565518878]",""
"passed","Mon Oct 28 17:37:31 GMT 2024","Mon Oct 28 17:37:34 GMT 2024","2366","","test_DiscordAPI","","","","test_negative_flow[1286673531911929856]",""
"passed","Mon Oct 28 17:37:25 GMT 2024","Mon Oct 28 17:37:28 GMT 2024","3574","","test_DiscordAPI","","","","test_send_several_messages_add_delete_reactions_2[1286673511733268552]",""
"passed","Mon Oct 28 17:37:28 GMT 2024","Mon Oct 28 17:37:31 GMT 2024","3286","","test_DiscordAPI","","","","test_send_several_messages_add_delete_reactions_2[1286673548005343252]",""
"passed","Mon Oct 28 17:37:39 GMT 2024","Mon Oct 28 17:37:42 GMT 2024","2509","","test_DiscordAPI","","","","test_negative_flow[1286673450064412684]",""
"passed","Mon Oct 28 17:37:47 GMT 2024","Mon Oct 28 17:37:48 GMT 2024","725","","test_DiscordAPI","","","","test_large_message[1281160246110457922]",""
"passed","Mon Oct 28 17:37:49 GMT 2024","Mon Oct 28 17:37:50 GMT 2024","518","","test_DiscordAPI","","","","test_large_message[1286673548005343252]",""
"passed","Mon Oct 28 17:37:42 GMT 2024","Mon Oct 28 17:37:44 GMT 2024","2443","","test_DiscordAPI","","","","test_negative_flow[1286673511733268552]",""
"passed","Mon Oct 28 17:37:20 GMT 2024","Mon Oct 28 17:37:25 GMT 2024","4613","","test_DiscordAPI","","","","test_send_several_messages_add_delete_reactions_2[1286673450064412684]",""
"passed","Mon Oct 28 17:37:37 GMT 2024","Mon Oct 28 17:37:39 GMT 2024","2347","","test_DiscordAPI","","","","test_negative_flow[1281160246110457922]",""
"passed","Mon Oct 28 17:37:06 GMT 2024","Mon Oct 28 17:37:07 GMT 2024","869","","test_DiscordAPI","","","","test_send_message_and_delete_it_1[1281160246110457922]",""
"passed","Mon Oct 28 17:37:17 GMT 2024","Mon Oct 28 17:37:20 GMT 2024","3386","","test_DiscordAPI","","","","test_send_several_messages_add_delete_reactions_2[1281160246110457922]",""
"passed","Mon Oct 28 17:37:44 GMT 2024","Mon Oct 28 17:37:46 GMT 2024","2230","","test_DiscordAPI","","","","test_negative_flow[1286673548005343252]",""
"passed","Mon Oct 28 17:37:13 GMT 2024","Mon Oct 28 17:37:17 GMT 2024","3496","","test_DiscordAPI","","","","test_send_several_messages_add_delete_reactions_2[1286673475565518878]",""
"passed","Mon Oct 28 17:37:49 GMT 2024","Mon Oct 28 17:37:49 GMT 2024","416","","test_DiscordAPI","","","","test_large_message[1286673511733268552]",""
"passed","Mon Oct 28 17:37:09 GMT 2024","Mon Oct 28 17:37:13 GMT 2024","3623","","test_DiscordAPI","","","","test_send_several_messages_add_delete_reactions_2[1286673531911929856]",""
"passed","Mon Oct 28 17:37:08 GMT 2024","Mon Oct 28 17:37:09 GMT 2024","1037","","test_DiscordAPI","","","","test_send_message_and_delete_it_1[1286673511733268552]",""
"passed","Mon Oct 28 17:37:48 GMT 2024","Mon Oct 28 17:37:49 GMT 2024","445","","test_DiscordAPI","","","","test_large_message[1286673450064412684]",""
"passed","Mon Oct 28 17:37:04 GMT 2024","Mon Oct 28 17:37:05 GMT 2024","951","","test_DiscordAPI","","","","test_send_message_and_delete_it_1[1286673531911929856]",""
"passed","Mon Oct 28 17:37:07 GMT 2024","Mon Oct 28 17:37:08 GMT 2024","848","","test_DiscordAPI","","","","test_send_message_and_delete_it_1[1286673450064412684]",""
"passed","Mon Oct 28 17:37:46 GMT 2024","Mon Oct 28 17:37:47 GMT 2024","535","","test_DiscordAPI","","","","test_large_message[1286673531911929856]",""
